timestamp_utc,run_name,dataset,sweep_name,bm25_run_id,dense_run_id,dense_model,rrf_k,bm25_weight,dense_weight,bm25_depth,dense_depth,bm25_realized_depth_mean,dense_realized_depth_mean,realized_depth_mean,per_query_metrics_path,ndcg@1,recall@1,mrr@1,map@1,ndcg@5,recall@5,mrr@5,map@5,ndcg@10,recall@10,mrr@10,map@10,ndcg@100,recall@100,mrr@100,map@100
2026-09-06T20:42:31+00:00,scifact_rrf_k_scifact_dense_bge_512_rrf0_bw1.0_dw1.0_bd1000_dd1000,scifact,rrf_k,20260831T034613Z_scifact-bm25-stem-512,20260831T035210Z_scifact-dense-bge-512,BAAI/bge-base-en-v1.5,0,1.0,1.0,1000,1000,954.3833333333333,1000.0,1000.0,results/fusion_sweep_per_query/scifact_rrf_k_scifact_dense_bge_512_rrf0_bw1.0_dw1.0_bd1000_dd1000.per_query.csv,0.61,0.583444,0.61,0.61,0.719667,0.813389,0.696778,0.682591,0.745412,0.890556,0.70632,0.69428,0.765036,0.973333,0.709492,0.699637
2026-09-06T20:42:31+00:00,scifact_rrf_k_scifact_dense_bge_512_rrf1_bw1.0_dw1.0_bd1000_dd1000,scifact,rrf_k,20260831T034613Z_scifact-bm25-stem-512,20260831T035210Z_scifact-dense-bge-512,BAAI/bge-base-en-v1.5,1,1.0,1.0,1000,1000,954.3833333333333,1000.0,1000.0,results/fusion_sweep_per_query/scifact_rrf_k_scifact_dense_bge_512_rrf1_bw1.0_dw1.0_bd1000_dd1000.per_query.csv,0.613333,0.586778,0.613333,0.613333,0.722614,0.815611,0.699667,0.686188,0.747834,0.890556,0.708728,0.697798,0.767478,0.973333,0.711906,0.70319
2026-09-06T20:42:32+00:00,scifact_rrf_k_scifact_dense_bge_512_rrf2_bw1.0_dw1.0_bd1000_dd1000,scifact,rrf_k,20260831T034613Z_scifact-bm25-stem-512,20260831T035210Z_scifact-dense-bge-512,BAAI/bge-base-en-v1.5,2,1.0,1.0,1000,1000,954.3833333333333,1000.0,1000.0,results/fusion_sweep_per_query/scifact_rrf_k_scifact_dense_bge_512_rrf2_bw1.0_dw1.0_bd1000_dd1000.per_query.csv,0.61,0.583444,0.61,0.61,0.719517,0.811167,0.697389,0.683185,0.748678,0.897222,0.707938,0.696839,0.766488,0.973333,0.710531,0.701643
2026-09-06T20:42:32+00:00,scifact_rrf_k_scifact_dense_bge_512_rrf5_bw1.0_dw1.0_bd1000_dd1000,scifact,rrf_k,20260831T034613Z_scifact-bm25-stem-512,20260831T035210Z_scifact-dense-bge-512,BAAI/bge-base-en-v1.5,5,1.0,1.0,1000,1000,954.3833333333333,1000.0,1000.0,results/fusion_sweep_per_query/scifact_rrf_k_scifact_dense_bge_512_rrf5_bw1.0_dw1.0_bd1000_dd1000.per_query.csv,0.606667,0.577444,0.606667,0.606667,0.721445,0.820167,0.698444,0.681963,0.746076,0.892222,0.706951,0.693999,0.765166,0.973333,0.710142,0.699089
2026-09-06T20:42:33+00:00,scifact_rrf_k_scifact_dense_bge_512_rrf10_bw1.0_dw1.0_bd1000_dd1000,scifact,rrf_k,20260831T034613Z_scifact-bm25-stem-512,20260831T035210Z_scifact-dense-bge-512,BAAI/bge-base-en-v1.5,10,1.0,1.0,1000,1000,954.3833333333333,1000.0,1000.0,results/fusion_sweep_per_query/scifact_rrf_k_scifact_dense_bge_512_rrf10_bw1.0_dw1.0_bd1000_dd1000.per_query.csv,0.6,0.572444,0.6,0.6,0.723799,0.828889,0.698667,0.681891,0.744785,0.887889,0.705131,0.693171,0.764865,0.973333,0.708952,0.698312
2026-09-06T20:42:33+00:00,scifact_rrf_k_scifact_dense_bge_512_rrf20_bw1.0_dw1.0_bd1000_dd1000,scifact,rrf_k,20260831T034613Z_scifact-bm25-stem-512,20260831T035210Z_scifact-dense-bge-512,BAAI/bge-base-en-v1.5,20,1.0,1.0,1000,1000,954.3833333333333,1000.0,1000.0,results/fusion_sweep_per_query/scifact_rrf_k_scifact_dense_bge_512_rrf20_bw1.0_dw1.0_bd1000_dd1000.per_query.csv,0.596667,0.569111,0.596667,0.596667,0.724359,0.835556,0.696833,0.68078,0.741238,0.881889,0.701489,0.690238,0.762777,0.973333,0.705819,0.69571
2026-09-06T20:42:33+00:00,scifact_rrf_k_scifact_dense_bge_512_rrf60_bw1.0_dw1.0_bd1000_dd1000,scifact,rrf_k,20260831T034613Z_scifact-bm25-stem-512,20260831T035210Z_scifact-dense-bge-512,BAAI/bge-base-en-v1.5,60,1.0,1.0,1000,1000,954.3833333333333,1000.0,1000.0,results/fusion_sweep_per_query/scifact_rrf_k_scifact_dense_bge_512_rrf60_bw1.0_dw1.0_bd1000_dd1000.per_query.csv,0.596667,0.569111,0.596667,0.596667,0.716501,0.817222,0.692056,0.676435,0.735986,0.871889,0.698238,0.686595,0.759748,0.973333,0.702707,0.692771
2026-09-06T20:42:34+00:00,scifact_rrf_k_scifact_dense_bge_512_rrf100_bw1.0_dw1.0_bd1000_dd1000,scifact,rrf_k,20260831T034613Z_scifact-bm25-stem-512,20260831T035210Z_scifact-dense-bge-512,BAAI/bge-base-en-v1.5,100,1.0,1.0,1000,1000,954.3833333333333,1000.0,1000.0,results/fusion_sweep_per_query/scifact_rrf_k_scifact_dense_bge_512_rrf100_bw1.0_dw1.0_bd1000_dd1000.per_query.csv,0.596667,0.569111,0.596667,0.596667,0.716501,0.817222,0.692056,0.676435,0.733407,0.864111,0.697349,0.68541,0.758213,0.97,0.701959,0.691917
2026-09-06T20:42:34+00:00,scifact_rrf_k_scifact_dense_bge_512_rrf200_bw1.0_dw1.0_bd1000_dd1000,scifact,rrf_k,20260831T034613Z_scifact-bm25-stem-512,20260831T035210Z_scifact-dense-bge-512,BAAI/bge-base-en-v1.5,200,1.0,1.0,1000,1000,954.3833333333333,1000.0,1000.0,results/fusion_sweep_per_query/scifact_rrf_k_scifact_dense_bge_512_rrf200_bw1.0_dw1.0_bd1000_dd1000.per_query.csv,0.596667,0.569111,0.596667,0.596667,0.716501,0.817222,0.692056,0.676435,0.732296,0.860778,0.696873,0.684934,0.756795,0.966667,0.701401,0.691233
2026-09-06T20:42:35+00:00,scifact_rrf_k_scifact_dense_bge_512_rrf1000_bw1.0_dw1.0_bd1000_dd1000,scifact,rrf_k,20260831T034613Z_scifact-bm25-stem-512,20260831T035210Z_scifact-dense-bge-512,BAAI/bge-base-en-v1.5,1000,1.0,1.0,1000,1000,954.3833333333333,1000.0,1000.0,results/fusion_sweep_per_query/scifact_rrf_k_scifact_dense_bge_512_rrf1000_bw1.0_dw1.0_bd1000_dd1000.per_query.csv,0.596667,0.569111,0.596667,0.596667,0.716878,0.817222,0.6925,0.67688,0.732614,0.860778,0.697258,0.685319,0.755735,0.963333,0.701281,0.691028
2026-09-06T20:42:35+00:00,scifact_dense_weight_scifact_dense_bge_512_rrf60_bw1.0_dw0.1_bd1000_dd1000,scifact,dense_weight,20260831T034613Z_scifact-bm25-stem-512,20260831T035210Z_scifact-dense-bge-512,BAAI/bge-base-en-v1.5,60,1.0,0.1,1000,1000,954.3833333333333,1000.0,1000.0,results/fusion_sweep_per_query/scifact_dense_weight_scifact_dense_bge_512_rrf60_bw1.0_dw0.1_bd1000_dd1000.per_query.csv,0.556667,0.5365,0.556667,0.556667,0.672666,0.765778,0.651556,0.634824,0.698842,0.8435,0.660299,0.646792,0.719192,0.932667,0.663605,0.651792
2026-09-06T20:42:36+00:00,scifact_dense_weight_scifact_dense_bge_512_rrf60_bw1.0_dw0.25_bd1000_dd1000,scifact,dense_weight,20260831T034613Z_scifact-bm25-stem-512,20260831T035210Z_scifact-dense-bge-512,BAAI/bge-base-en-v1.5,60,1.0,0.25,1000,1000,954.3833333333333,1000.0,1000.0,results/fusion_sweep_per_query/scifact_dense_weight_scifact_dense_bge_512_rrf60_bw1.0_dw0.25_bd1000_dd1000.per_query.csv,0.573333,0.549,0.573333,0.573333,0.680704,0.767111,0.662944,0.644407,0.71496,0.866111,0.67546,0.660674,0.731869,0.943333,0.677887,0.664668
2026-09-06T20:42:36+00:00,scifact_dense_weight_scifact_dense_bge_512_rrf60_bw1.0_dw0.5_bd1000_dd1000,scifact,dense_weight,20260831T034613Z_scifact-bm25-stem-512,20260831T035210Z_scifact-dense-bge-512,BAAI/bge-base-en-v1.5,60,1.0,0.5,1000,1000,954.3833333333333,1000.0,1000.0,results/fusion_sweep_per_query/scifact_dense_weight_scifact_dense_bge_512_rrf60_bw1.0_dw0.5_bd1000_dd1000.per_query.csv,0.586667,0.561333,0.586667,0.586667,0.700287,0.793222,0.678889,0.662657,0.727191,0.870111,0.688136,0.675872,0.747037,0.958333,0.69137,0.680743
2026-09-06T20:42:37+00:00,scifact_dense_weight_scifact_dense_bge_512_rrf60_bw1.0_dw1.0_bd1000_dd1000,scifact,dense_weight,20260831T034613Z_scifact-bm25-stem-512,20260831T035210Z_scifact-dense-bge-512,BAAI/bge-base-en-v1.5,60,1.0,1.0,1000,1000,954.3833333333333,1000.0,1000.0,results/fusion_sweep_per_query/scifact_dense_weight_scifact_dense_bge_512_rrf60_bw1.0_dw1.0_bd1000_dd1000.per_query.csv,0.596667,0.569111,0.596667,0.596667,0.716501,0.817222,0.692056,0.676435,0.735986,0.871889,0.698238,0.686595,0.759748,0.973333,0.702707,0.692771
2026-09-06T20:42:37+00:00,scifact_dense_weight_scifact_dense_bge_512_rrf60_bw1.0_dw2.0_bd1000_dd1000,scifact,dense_weight,20260831T034613Z_scifact-bm25-stem-512,20260831T035210Z_scifact-dense-bge-512,BAAI/bge-base-en-v1.5,60,1.0,2.0,1000,1000,954.3833333333333,1000.0,1000.0,results/fusion_sweep_per_query/scifact_dense_weight_scifact_dense_bge_512_rrf60_bw1.0_dw2.0_bd1000_dd1000.per_query.csv,0.613333,0.583278,0.613333,0.613333,0.728049,0.828333,0.703944,0.688238,0.749435,0.888556,0.71071,0.699471,0.768937,0.976667,0.713856,0.70405
2026-09-06T20:42:38+00:00,scifact_dense_weight_scifact_dense_bge_512_rrf60_bw1.0_dw4.0_bd1000_dd1000,scifact,dense_weight,20260831T034613Z_scifact-bm25-stem-512,20260831T035210Z_scifact-dense-bge-512,BAAI/bge-base-en-v1.5,60,1.0,4.0,1000,1000,954.3833333333333,1000.0,1000.0,results/fusion_sweep_per_query/scifact_dense_weight_scifact_dense_bge_512_rrf60_bw1.0_dw4.0_bd1000_dd1000.per_query.csv,0.633333,0.603278,0.633333,0.633333,0.733672,0.820556,0.711667,0.699372,0.757492,0.890222,0.720325,0.710512,0.774524,0.966667,0.723176,0.714542
2026-09-06T20:42:38+00:00,scifact_dense_weight_scifact_dense_bge_512_rrf60_bw1.0_dw10.0_bd1000_dd1000,scifact,dense_weight,20260831T034613Z_scifact-bm25-stem-512,20260831T035210Z_scifact-dense-bge-512,BAAI/bge-base-en-v1.5,60,1.0,10.0,1000,1000,954.3833333333333,1000.0,1000.0,results/fusion_sweep_per_query/scifact_dense_weight_scifact_dense_bge_512_rrf60_bw1.0_dw10.0_bd1000_dd1000.per_query.csv,0.633333,0.601611,0.633333,0.633333,0.737603,0.829722,0.714111,0.702252,0.755183,0.880889,0.720257,0.710364,0.773942,0.963333,0.72383,0.714906
2026-09-06T20:42:39+00:00,scifact_dense_weight_scifact_dense_bge_512_rrf60_bw1.0_dw20.0_bd1000_dd1000,scifact,dense_weight,20260831T034613Z_scifact-bm25-stem-512,20260831T035210Z_scifact-dense-bge-512,BAAI/bge-base-en-v1.5,60,1.0,20.0,1000,1000,954.3833333333333,1000.0,1000.0,results/fusion_sweep_per_query/scifact_dense_weight_scifact_dense_bge_512_rrf60_bw1.0_dw20.0_bd1000_dd1000.per_query.csv,0.633333,0.602611,0.633333,0.633333,0.72979,0.818056,0.708278,0.69553,0.751246,0.879222,0.715775,0.705976,0.770316,0.963333,0.719454,0.710503
2026-09-06T20:42:39+00:00,scifact_dense_weight_scifact_dense_bge_512_rrf60_bw1.0_dw50.0_bd1000_dd1000,scifact,dense_weight,20260831T034613Z_scifact-bm25-stem-512,20260831T035210Z_scifact-dense-bge-512,BAAI/bge-base-en-v1.5,60,1.0,50.0,1000,1000,954.3833333333333,1000.0,1000.0,results/fusion_sweep_per_query/scifact_dense_weight_scifact_dense_bge_512_rrf60_bw1.0_dw50.0_bd1000_dd1000.per_query.csv,0.623333,0.592611,0.623333,0.623333,0.723632,0.815389,0.700833,0.688096,0.744449,0.874222,0.708669,0.698244,0.764695,0.963333,0.712411,0.703135
2026-09-06T20:42:40+00:00,scifact_dense_weight_scifact_dense_bge_512_rrf60_bw1.0_dw100.0_bd1000_dd1000,scifact,dense_weight,20260831T034613Z_scifact-bm25-stem-512,20260831T035210Z_scifact-dense-bge-512,BAAI/bge-base-en-v1.5,60,1.0,100.0,1000,1000,954.3833333333333,1000.0,1000.0,results/fusion_sweep_per_query/scifact_dense_weight_scifact_dense_bge_512_rrf60_bw1.0_dw100.0_bd1000_dd1000.per_query.csv,0.616667,0.585944,0.616667,0.616667,0.719691,0.815389,0.695667,0.68293,0.740391,0.874222,0.703386,0.692961,0.760572,0.963333,0.707075,0.697808
2026-09-06T20:42:41+00:00,nfcorpus_rrf_k_nfcorpus_dense_bge_512_rrf0_bw1.0_dw1.0_bd1000_dd1000,nfcorpus,rrf_k,20260831T034614Z_nfcorpus-bm25-stem-512,20260831T035342Z_nfcorpus-dense-bge-512,BAAI/bge-base-en-v1.5,0,1.0,1.0,1000,1000,384.89935064935065,1000.0,1000.0,results/fusion_sweep_per_query/nfcorpus_rrf_k_nfcorpus_dense_bge_512_rrf0_bw1.0_dw1.0_bd1000_dd1000.per_query.csv,0.490712,0.071745,0.504644,0.504644,0.408357,0.144318,0.577554,0.340847,0.376614,0.18254,0.584273,0.282233,0.347833,0.337189,0.590136,0.199419
2026-09-06T20:42:41+00:00,nfcorpus_rrf_k_nfcorpus_dense_bge_512_rrf1_bw1.0_dw1.0_bd1000_dd1000,nfcorpus,rrf_k,20260831T034614Z_nfcorpus-bm25-stem-512,20260831T035342Z_nfcorpus-dense-bge-512,BAAI/bge-base-en-v1.5,1,1.0,1.0,1000,1000,384.89935064935065,1000.0,1000.0,results/fusion_sweep_per_query/nfcorpus_rrf_k_nfcorpus_dense_bge_512_rrf1_bw1.0_dw1.0_bd1000_dd1000.per_query.csv,0.48452,0.068558,0.498452,0.498452,0.40891,0.145241,0.575645,0.340651,0.375421,0.18284,0.582438,0.280818,0.346922,0.337189,0.588328,0.198267
2026-09-06T20:42:41+00:00,nfcorpus_rrf_k_nfcorpus_dense_bge_512_rrf2_bw1.0_dw1.0_bd1000_dd1000,nfcorpus,rrf_k,20260831T034614Z_nfcorpus-bm25-stem-512,20260831T035342Z_nfcorpus-dense-bge-512,BAAI/bge-base-en-v1.5,2,1.0,1.0,1000,1000,384.89935064935065,1000.0,1000.0,results/fusion_sweep_per_query/nfcorpus_rrf_k_nfcorpus_dense_bge_512_rrf2_bw1.0_dw1.0_bd1000_dd1000.per_query.csv,0.487616,0.068438,0.501548,0.501548,0.411034,0.145706,0.577915,0.343037,0.375641,0.182378,0.5846,0.280984,0.347192,0.337383,0.590217,0.198466
2026-09-06T20:42:42+00:00,nfcorpus_rrf_k_nfcorpus_dense_bge_512_rrf5_bw1.0_dw1.0_bd1000_dd1000,nfcorpus,rrf_k,20260831T034614Z_nfcorpus-bm25-stem-512,20260831T035342Z_nfcorpus-dense-bge-512,BAAI/bge-base-en-v1.5,5,1.0,1.0,1000,1000,384.89935064935065,1000.0,1000.0,results/fusion_sweep_per_query/nfcorpus_rrf_k_nfcorpus_dense_bge_512_rrf5_bw1.0_dw1.0_bd1000_dd1000.per_query.csv,0.475232,0.068318,0.49226,0.49226,0.411006,0.144248,0.574974,0.344969,0.376527,0.181453,0.581814,0.282869,0.348162,0.338378,0.587472,0.199739
2026-09-06T20:42:42+00:00,nfcorpus_rrf_k_nfcorpus_dense_bge_512_rrf10_bw1.0_dw1.0_bd1000_dd1000,nfcorpus,rrf_k,20260831T034614Z_nfcorpus-bm25-stem-512,20260831T035342Z_nfcorpus-dense-bge-512,BAAI/bge-base-en-v1.5,10,1.0,1.0,1000,1000,384.89935064935065,1000.0,1000.0,results/fusion_sweep_per_query/nfcorpus_rrf_k_nfcorpus_dense_bge_512_rrf10_bw1.0_dw1.0_bd1000_dd1000.per_query.csv,0.478328,0.067833,0.495356,0.495356,0.411806,0.145826,0.577193,0.345537,0.376629,0.181163,0.582868,0.282606,0.346971,0.338224,0.588633,0.198682
2026-09-06T20:42:43+00:00,nfcorpus_rrf_k_nfcorpus_dense_bge_512_rrf20_bw1.0_dw1.0_bd1000_dd1000,nfcorpus,rrf_k,20260831T034614Z_nfcorpus-bm25-stem-512,20260831T035342Z_nfcorpus-dense-bge-512,BAAI/bge-base-en-v1.5,20,1.0,1.0,1000,1000,384.89935064935065,1000.0,1000.0,results/fusion_sweep_per_query/nfcorpus_rrf_k_nfcorpus_dense_bge_512_rrf20_bw1.0_dw1.0_bd1000_dd1000.per_query.csv,0.478328,0.067833,0.495356,0.495356,0.409112,0.144488,0.575851,0.344054,0.376144,0.179249,0.58121,0.28333,0.346686,0.337925,0.587655,0.198679
2026-09-06T20:42:43+00:00,nfcorpus_rrf_k_nfcorpus_dense_bge_512_rrf60_bw1.0_dw1.0_bd1000_dd1000,nfcorpus,rrf_k,20260831T034614Z_nfcorpus-bm25-stem-512,20260831T035342Z_nfcorpus-dense-bge-512,BAAI/bge-base-en-v1.5,60,1.0,1.0,1000,1000,384.89935064935065,1000.0,1000.0,results/fusion_sweep_per_query/nfcorpus_rrf_k_nfcorpus_dense_bge_512_rrf60_bw1.0_dw1.0_bd1000_dd1000.per_query.csv,0.478328,0.06693,0.495356,0.495356,0.406842,0.144195,0.574819,0.341969,0.375198,0.178527,0.581419,0.282762,0.345161,0.338483,0.587014,0.196952
2026-09-06T20:42:43+00:00,nfcorpus_rrf_k_nfcorpus_dense_bge_512_rrf100_bw1.0_dw1.0_bd1000_dd1000,nfcorpus,rrf_k,20260831T034614Z_nfcorpus-bm25-stem-512,20260831T035342Z_nfcorpus-dense-bge-512,BAAI/bge-base-en-v1.5,100,1.0,1.0,1000,1000,384.89935064935065,1000.0,1000.0,results/fusion_sweep_per_query/nfcorpus_rrf_k_nfcorpus_dense_bge_512_rrf100_bw1.0_dw1.0_bd1000_dd1000.per_query.csv,0.478328,0.06693,0.495356,0.495356,0.406712,0.144095,0.5742,0.341949,0.374508,0.178704,0.581423,0.28175,0.3441,0.338186,0.586459,0.195976
2026-09-06T20:42:44+00:00,nfcorpus_rrf_k_nfcorpus_dense_bge_512_rrf200_bw1.0_dw1.0_bd1000_dd1000,nfcorpus,rrf_k,20260831T034614Z_nfcorpus-bm25-stem-512,20260831T035342Z_nfcorpus-dense-bge-512,BAAI/bge-base-en-v1.5,200,1.0,1.0,1000,1000,384.89935064935065,1000.0,1000.0,results/fusion_sweep_per_query/nfcorpus_rrf_k_nfcorpus_dense_bge_512_rrf200_bw1.0_dw1.0_bd1000_dd1000.per_query.csv,0.475232,0.066851,0.49226,0.49226,0.405922,0.143961,0.572652,0.341257,0.374149,0.178435,0.579755,0.281312,0.341342,0.336268,0.584543,0.194518
2026-09-06T20:42:44+00:00,nfcorpus_rrf_k_nfcorpus_dense_bge_512_rrf1000_bw1.0_dw1.0_bd1000_dd1000,nfcorpus,rrf_k,20260831T034614Z_nfcorpus-bm25-stem-512,20260831T035342Z_nfcorpus-dense-bge-512,BAAI/bge-base-en-v1.5,1000,1.0,1.0,1000,1000,384.89935064935065,1000.0,1000.0,results/fusion_sweep_per_query/nfcorpus_rrf_k_nfcorpus_dense_bge_512_rrf1000_bw1.0_dw1.0_bd1000_dd1000.per_query.csv,0.475232,0.066851,0.49226,0.49226,0.406079,0.144,0.571878,0.34135,0.37333,0.177984,0.578547,0.280822,0.338347,0.331284,0.583518,0.193553
2026-09-06T20:42:45+00:00,nfcorpus_dense_weight_nfcorpus_dense_bge_512_rrf60_bw1.0_dw0.1_bd1000_dd1000,nfcorpus,dense_weight,20260831T034614Z_nfcorpus-bm25-stem-512,20260831T035342Z_nfcorpus-dense-bge-512,BAAI/bge-base-en-v1.5,60,1.0,0.1,1000,1000,384.89935064935065,1000.0,1000.0,results/fusion_sweep_per_query/nfcorpus_dense_weight_nfcorpus_dense_bge_512_rrf60_bw1.0_dw0.1_bd1000_dd1000.per_query.csv,0.462848,0.063173,0.47678,0.47678,0.384404,0.134437,0.551754,0.318249,0.351508,0.168232,0.557159,0.261688,0.314342,0.300114,0.561701,0.178649
2026-09-06T20:42:45+00:00,nfcorpus_dense_weight_nfcorpus_dense_bge_512_rrf60_bw1.0_dw0.25_bd1000_dd1000,nfcorpus,dense_weight,20260831T034614Z_nfcorpus-bm25-stem-512,20260831T035342Z_nfcorpus-dense-bge-512,BAAI/bge-base-en-v1.5,60,1.0,0.25,1000,1000,384.89935064935065,1000.0,1000.0,results/fusion_sweep_per_query/nfcorpus_dense_weight_nfcorpus_dense_bge_512_rrf60_bw1.0_dw0.25_bd1000_dd1000.per_query.csv,0.465944,0.064185,0.482972,0.482972,0.394545,0.138914,0.562539,0.33039,0.361301,0.174543,0.568244,0.271326,0.320796,0.303983,0.572794,0.184344
2026-09-06T20:42:45+00:00,nfcorpus_dense_weight_nfcorpus_dense_bge_512_rrf60_bw1.0_dw0.5_bd1000_dd1000,nfcorpus,dense_weight,20260831T034614Z_nfcorpus-bm25-stem-512,20260831T035342Z_nfcorpus-dense-bge-512,BAAI/bge-base-en-v1.5,60,1.0,0.5,1000,1000,384.89935064935065,1000.0,1000.0,results/fusion_sweep_per_query/nfcorpus_dense_weight_nfcorpus_dense_bge_512_rrf60_bw1.0_dw0.5_bd1000_dd1000.per_query.csv,0.465944,0.06562,0.482972,0.482972,0.403036,0.141004,0.567131,0.34015,0.367874,0.176153,0.573542,0.277129,0.331493,0.318651,0.57796,0.190094
2026-09-06T20:42:46+00:00,nfcorpus_dense_weight_nfcorpus_dense_bge_512_rrf60_bw1.0_dw1.0_bd1000_dd1000,nfcorpus,dense_weight,20260831T034614Z_nfcorpus-bm25-stem-512,20260831T035342Z_nfcorpus-dense-bge-512,BAAI/bge-base-en-v1.5,60,1.0,1.0,1000,1000,384.89935064935065,1000.0,1000.0,results/fusion_sweep_per_query/nfcorpus_dense_weight_nfcorpus_dense_bge_512_rrf60_bw1.0_dw1.0_bd1000_dd1000.per_query.csv,0.478328,0.06693,0.495356,0.495356,0.406842,0.144195,0.574819,0.341969,0.375198,0.178527,0.581419,0.282762,0.345161,0.338483,0.587014,0.196952
2026-09-06T20:42:46+00:00,nfcorpus_dense_weight_nfcorpus_dense_bge_512_rrf60_bw1.0_dw2.0_bd1000_dd1000,nfcorpus,dense_weight,20260831T034614Z_nfcorpus-bm25-stem-512,20260831T035342Z_nfcorpus-dense-bge-512,BAAI/bge-base-en-v1.5,60,1.0,2.0,1000,1000,384.89935064935065,1000.0,1000.0,results/fusion_sweep_per_query/nfcorpus_dense_weight_nfcorpus_dense_bge_512_rrf60_bw1.0_dw2.0_bd1000_dd1000.per_query.csv,0.490712,0.069229,0.50774,0.50774,0.409696,0.144804,0.577761,0.343514,0.375509,0.177818,0.584187,0.282433,0.350812,0.346108,0.59078,0.199712
2026-09-06T20:42:47+00:00,nfcorpus_dense_weight_nfcorpus_dense_bge_512_rrf60_bw1.0_dw4.0_bd1000_dd1000,nfcorpus,dense_weight,20260831T034614Z_nfcorpus-bm25-stem-512,20260831T035342Z_nfcorpus-dense-bge-512,BAAI/bge-base-en-v1.5,60,1.0,4.0,1000,1000,384.89935064935065,1000.0,1000.0,results/fusion_sweep_per_query/nfcorpus_dense_weight_nfcorpus_dense_bge_512_rrf60_bw1.0_dw4.0_bd1000_dd1000.per_query.csv,0.486068,0.068766,0.501548,0.501548,0.409181,0.140623,0.575181,0.343204,0.377604,0.180724,0.581979,0.283161,0.349335,0.342764,0.588223,0.198545
2026-09-06T20:42:47+00:00,nfcorpus_dense_weight_nfcorpus_dense_bge_512_rrf60_bw1.0_dw10.0_bd1000_dd1000,nfcorpus,dense_weight,20260831T034614Z_nfcorpus-bm25-stem-512,20260831T035342Z_nfcorpus-dense-bge-512,BAAI/bge-base-en-v1.5,60,1.0,10.0,1000,1000,384.89935064935065,1000.0,1000.0,results/fusion_sweep_per_query/nfcorpus_dense_weight_nfcorpus_dense_bge_512_rrf60_bw1.0_dw10.0_bd1000_dd1000.per_query.csv,0.487616,0.070953,0.504644,0.504644,0.409372,0.141714,0.576625,0.342683,0.377463,0.179319,0.583999,0.282776,0.347089,0.338004,0.589272,0.198105
2026-09-06T20:42:47+00:00,nfcorpus_dense_weight_nfcorpus_dense_bge_512_rrf60_bw1.0_dw20.0_bd1000_dd1000,nfcorpus,dense_weight,20260831T034614Z_nfcorpus-bm25-stem-512,20260831T035342Z_nfcorpus-dense-bge-512,BAAI/bge-base-en-v1.5,60,1.0,20.0,1000,1000,384.89935064935065,1000.0,1000.0,results/fusion_sweep_per_query/nfcorpus_dense_weight_nfcorpus_dense_bge_512_rrf60_bw1.0_dw20.0_bd1000_dd1000.per_query.csv,0.487616,0.071305,0.504644,0.504644,0.409302,0.14205,0.576419,0.344111,0.378725,0.180972,0.584326,0.28465,0.3464,0.33778,0.589039,0.19762
2026-09-06T20:42:48+00:00,nfcorpus_dense_weight_nfcorpus_dense_bge_512_rrf60_bw1.0_dw50.0_bd1000_dd1000,nfcorpus,dense_weight,20260831T034614Z_nfcorpus-bm25-stem-512,20260831T035342Z_nfcorpus-dense-bge-512,BAAI/bge-base-en-v1.5,60,1.0,50.0,1000,1000,384.89935064935065,1000.0,1000.0,results/fusion_sweep_per_query/nfcorpus_dense_weight_nfcorpus_dense_bge_512_rrf60_bw1.0_dw50.0_bd1000_dd1000.per_query.csv,0.462848,0.069346,0.479876,0.479876,0.403558,0.141763,0.562332,0.340251,0.375282,0.178845,0.569908,0.282957,0.344026,0.337641,0.574821,0.196155
2026-09-06T20:42:48+00:00,nfcorpus_dense_weight_nfcorpus_dense_bge_512_rrf60_bw1.0_dw100.0_bd1000_dd1000,nfcorpus,dense_weight,20260831T034614Z_nfcorpus-bm25-stem-512,20260831T035342Z_nfcorpus-dense-bge-512,BAAI/bge-base-en-v1.5,60,1.0,100.0,1000,1000,384.89935064935065,1000.0,1000.0,results/fusion_sweep_per_query/nfcorpus_dense_weight_nfcorpus_dense_bge_512_rrf60_bw1.0_dw100.0_bd1000_dd1000.per_query.csv,0.459752,0.06798,0.47678,0.47678,0.402655,0.142045,0.55774,0.340602,0.374376,0.178382,0.566188,0.282527,0.342793,0.33663,0.571063,0.195264
2026-09-06T20:42:51+00:00,fiqa_rrf_k_fiqa_dense_bge_512_rrf0_bw1.0_dw1.0_bd1000_dd1000,fiqa,rrf_k,20260831T034646Z_fiqa-bm25-stem-512,20260831T041638Z_fiqa-dense-bge-512,BAAI/bge-base-en-v1.5,0,1.0,1.0,1000,1000,995.7083333333334,1000.0,1000.0,results/fusion_sweep_per_query/fiqa_rrf_k_fiqa_dense_bge_512_rrf0_bw1.0_dw1.0_bd1000_dd1000.per_query.csv,0.358025,0.180714,0.358025,0.358025,0.348563,0.376336,0.438683,0.285078,0.378133,0.463154,0.449811,0.297408,0.447365,0.720059,0.458912,0.315451
2026-09-06T20:42:52+00:00,fiqa_rrf_k_fiqa_dense_bge_512_rrf1_bw1.0_dw1.0_bd1000_dd1000,fiqa,rrf_k,20260831T034646Z_fiqa-bm25-stem-512,20260831T041638Z_fiqa-dense-bge-512,BAAI/bge-base-en-v1.5,1,1.0,1.0,1000,1000,995.7083333333334,1000.0,1000.0,results/fusion_sweep_per_query/fiqa_rrf_k_fiqa_dense_bge_512_rrf1_bw1.0_dw1.0_bd1000_dd1000.per_query.csv,0.356481,0.17872,0.356481,0.356481,0.351822,0.38094,0.441358,0.287836,0.381074,0.46714,0.452352,0.29981,0.448944,0.720059,0.461079,0.317337
2026-09-06T20:42:53+00:00,fiqa_rrf_k_fiqa_dense_bge_512_rrf2_bw1.0_dw1.0_bd1000_dd1000,fiqa,rrf_k,20260831T034646Z_fiqa-bm25-stem-512,20260831T041638Z_fiqa-dense-bge-512,BAAI/bge-base-en-v1.5,2,1.0,1.0,1000,1000,995.7083333333334,1000.0,1000.0,results/fusion_sweep_per_query/fiqa_rrf_k_fiqa_dense_bge_512_rrf2_bw1.0_dw1.0_bd1000_dd1000.per_query.csv,0.354938,0.178592,0.354938,0.354938,0.351353,0.381274,0.43948,0.287663,0.382137,0.470987,0.451731,0.300046,0.448646,0.720059,0.459941,0.317073
2026-09-06T20:42:54+00:00,fiqa_rrf_k_fiqa_dense_bge_512_rrf5_bw1.0_dw1.0_bd1000_dd1000,fiqa,rrf_k,20260831T034646Z_fiqa-bm25-stem-512,20260831T041638Z_fiqa-dense-bge-512,BAAI/bge-base-en-v1.5,5,1.0,1.0,1000,1000,995.7083333333334,1000.0,1000.0,results/fusion_sweep_per_query/fiqa_rrf_k_fiqa_dense_bge_512_rrf5_bw1.0_dw1.0_bd1000_dd1000.per_query.csv,0.345679,0.172942,0.345679,0.345679,0.350026,0.381041,0.436728,0.285625,0.380952,0.472115,0.449609,0.29749,0.447441,0.720573,0.457512,0.314837
2026-09-06T20:42:55+00:00,fiqa_rrf_k_fiqa_dense_bge_512_rrf10_bw1.0_dw1.0_bd1000_dd1000,fiqa,rrf_k,20260831T034646Z_fiqa-bm25-stem-512,20260831T041638Z_fiqa-dense-bge-512,BAAI/bge-base-en-v1.5,10,1.0,1.0,1000,1000,995.7083333333334,1000.0,1000.0,results/fusion_sweep_per_query/fiqa_rrf_k_fiqa_dense_bge_512_rrf10_bw1.0_dw1.0_bd1000_dd1000.per_query.csv,0.337963,0.169599,0.337963,0.337963,0.347068,0.380154,0.43161,0.281909,0.376589,0.466993,0.442623,0.293913,0.444524,0.719416,0.451368,0.311858
2026-09-06T20:42:56+00:00,fiqa_rrf_k_fiqa_dense_bge_512_rrf20_bw1.0_dw1.0_bd1000_dd1000,fiqa,rrf_k,20260831T034646Z_fiqa-bm25-stem-512,20260831T041638Z_fiqa-dense-bge-512,BAAI/bge-base-en-v1.5,20,1.0,1.0,1000,1000,995.7083333333334,1000.0,1000.0,results/fusion_sweep_per_query/fiqa_rrf_k_fiqa_dense_bge_512_rrf20_bw1.0_dw1.0_bd1000_dd1000.per_query.csv,0.342593,0.170756,0.342593,0.342593,0.341249,0.366634,0.43089,0.27806,0.374395,0.464614,0.443912,0.291308,0.443918,0.722054,0.453205,0.309668
2026-09-06T20:42:57+00:00,fiqa_rrf_k_fiqa_dense_bge_512_rrf60_bw1.0_dw1.0_bd1000_dd1000,fiqa,rrf_k,20260831T034646Z_fiqa-bm25-stem-512,20260831T041638Z_fiqa-dense-bge-512,BAAI/bge-base-en-v1.5,60,1.0,1.0,1000,1000,995.7083333333334,1000.0,1000.0,results/fusion_sweep_per_query/fiqa_rrf_k_fiqa_dense_bge_512_rrf60_bw1.0_dw1.0_bd1000_dd1000.per_query.csv,0.339506,0.171219,0.339506,0.339506,0.33542,0.360839,0.4241,0.27338,0.363923,0.447376,0.435633,0.283591,0.438085,0.721642,0.444999,0.303468
2026-09-06T20:42:58+00:00,fiqa_rrf_k_fiqa_dense_bge_512_rrf100_bw1.0_dw1.0_bd1000_dd1000,fiqa,rrf_k,20260831T034646Z_fiqa-bm25-stem-512,20260831T041638Z_fiqa-dense-bge-512,BAAI/bge-base-en-v1.5,100,1.0,1.0,1000,1000,995.7083333333334,1000.0,1000.0,results/fusion_sweep_per_query/fiqa_rrf_k_fiqa_dense_bge_512_rrf100_bw1.0_dw1.0_bd1000_dd1000.per_query.csv,0.337963,0.170705,0.337963,0.337963,0.333289,0.357624,0.421528,0.272104,0.359475,0.437883,0.432952,0.280931,0.43476,0.719244,0.442123,0.300642
2026-09-06T20:42:59+00:00,fiqa_rrf_k_fiqa_dense_bge_512_rrf200_bw1.0_dw1.0_bd1000_dd1000,fiqa,rrf_k,20260831T034646Z_fiqa-bm25-stem-512,20260831T041638Z_fiqa-dense-bge-512,BAAI/bge-base-en-v1.5,200,1.0,1.0,1000,1000,995.7083333333334,1000.0,1000.0,results/fusion_sweep_per_query/fiqa_rrf_k_fiqa_dense_bge_512_rrf200_bw1.0_dw1.0_bd1000_dd1000.per_query.csv,0.337963,0.170705,0.337963,0.337963,0.333458,0.358524,0.421296,0.272197,0.358107,0.435605,0.432217,0.2801,0.428573,0.69753,0.440682,0.298406
2026-09-06T20:43:00+00:00,fiqa_rrf_k_fiqa_dense_bge_512_rrf1000_bw1.0_dw1.0_bd1000_dd1000,fiqa,rrf_k,20260831T034646Z_fiqa-bm25-stem-512,20260831T041638Z_fiqa-dense-bge-512,BAAI/bge-base-en-v1.5,1000,1.0,1.0,1000,1000,995.7083333333334,1000.0,1000.0,results/fusion_sweep_per_query/fiqa_rrf_k_fiqa_dense_bge_512_rrf1000_bw1.0_dw1.0_bd1000_dd1000.per_query.csv,0.337963,0.170705,0.337963,0.337963,0.33277,0.357238,0.42073,0.271874,0.355891,0.430086,0.431466,0.278983,0.422112,0.67682,0.439596,0.296181
2026-09-06T20:43:00+00:00,fiqa_dense_weight_fiqa_dense_bge_512_rrf60_bw1.0_dw0.1_bd1000_dd1000,fiqa,dense_weight,20260831T034646Z_fiqa-bm25-stem-512,20260831T041638Z_fiqa-dense-bge-512,BAAI/bge-base-en-v1.5,60,1.0,0.1,1000,1000,995.7083333333334,1000.0,1000.0,results/fusion_sweep_per_query/fiqa_dense_weight_fiqa_dense_bge_512_rrf60_bw1.0_dw0.1_bd1000_dd1000.per_query.csv,0.266975,0.130757,0.266975,0.266975,0.257115,0.273895,0.333925,0.20916,0.275314,0.329041,0.341971,0.215595,0.338664,0.572886,0.352339,0.22955
2026-09-06T20:43:01+00:00,fiqa_dense_weight_fiqa_dense_bge_512_rrf60_bw1.0_dw0.25_bd1000_dd1000,fiqa,dense_weight,20260831T034646Z_fiqa-bm25-stem-512,20260831T041638Z_fiqa-dense-bge-512,BAAI/bge-base-en-v1.5,60,1.0,0.25,1000,1000,995.7083333333334,1000.0,1000.0,results/fusion_sweep_per_query/fiqa_dense_weight_fiqa_dense_bge_512_rrf60_bw1.0_dw0.25_bd1000_dd1000.per_query.csv,0.28858,0.14372,0.28858,0.28858,0.281206,0.29976,0.360751,0.228774,0.301807,0.363146,0.370585,0.235724,0.364831,0.605712,0.379945,0.249828
2026-09-06T20:43:02+00:00,fiqa_dense_weight_fiqa_dense_bge_512_rrf60_bw1.0_dw0.5_bd1000_dd1000,fiqa,dense_weight,20260831T034646Z_fiqa-bm25-stem-512,20260831T041638Z_fiqa-dense-bge-512,BAAI/bge-base-en-v1.5,60,1.0,0.5,1000,1000,995.7083333333334,1000.0,1000.0,results/fusion_sweep_per_query/fiqa_dense_weight_fiqa_dense_bge_512_rrf60_bw1.0_dw0.5_bd1000_dd1000.per_query.csv,0.308642,0.153909,0.308642,0.308642,0.306557,0.330245,0.387912,0.248719,0.329216,0.401752,0.398875,0.256531,0.397952,0.663272,0.408482,0.272488
2026-09-06T20:43:03+00:00,fiqa_dense_weight_fiqa_dense_bge_512_rrf60_bw1.0_dw1.0_bd1000_dd1000,fiqa,dense_weight,20260831T034646Z_fiqa-bm25-stem-512,20260831T041638Z_fiqa-dense-bge-512,BAAI/bge-base-en-v1.5,60,1.0,1.0,1000,1000,995.7083333333334,1000.0,1000.0,results/fusion_sweep_per_query/fiqa_dense_weight_fiqa_dense_bge_512_rrf60_bw1.0_dw1.0_bd1000_dd1000.per_query.csv,0.339506,0.171219,0.339506,0.339506,0.33542,0.360839,0.4241,0.27338,0.363923,0.447376,0.435633,0.283591,0.438085,0.721642,0.444999,0.303468
2026-09-06T20:43:04+00:00,fiqa_dense_weight_fiqa_dense_bge_512_rrf60_bw1.0_dw2.0_bd1000_dd1000,fiqa,dense_weight,20260831T034646Z_fiqa-bm25-stem-512,20260831T041638Z_fiqa-dense-bge-512,BAAI/bge-base-en-v1.5,60,1.0,2.0,1000,1000,995.7083333333334,1000.0,1000.0,results/fusion_sweep_per_query/fiqa_dense_weight_fiqa_dense_bge_512_rrf60_bw1.0_dw2.0_bd1000_dd1000.per_query.csv,0.356481,0.176148,0.356481,0.356481,0.355462,0.383736,0.448045,0.289923,0.386576,0.475019,0.458892,0.303062,0.459536,0.741475,0.468122,0.323291
2026-09-06T20:43:05+00:00,fiqa_dense_weight_fiqa_dense_bge_512_rrf60_bw1.0_dw4.0_bd1000_dd1000,fiqa,dense_weight,20260831T034646Z_fiqa-bm25-stem-512,20260831T041638Z_fiqa-dense-bge-512,BAAI/bge-base-en-v1.5,60,1.0,4.0,1000,1000,995.7083333333334,1000.0,1000.0,results/fusion_sweep_per_query/fiqa_dense_weight_fiqa_dense_bge_512_rrf60_bw1.0_dw4.0_bd1000_dd1000.per_query.csv,0.376543,0.187244,0.376543,0.376543,0.373013,0.401353,0.464995,0.306797,0.402792,0.489072,0.476037,0.319134,0.472251,0.7456,0.48402,0.338352
2026-09-06T20:43:06+00:00,fiqa_dense_weight_fiqa_dense_bge_512_rrf60_bw1.0_dw10.0_bd1000_dd1000,fiqa,dense_weight,20260831T034646Z_fiqa-bm25-stem-512,20260831T041638Z_fiqa-dense-bge-512,BAAI/bge-base-en-v1.5,60,1.0,10.0,1000,1000,995.7083333333334,1000.0,1000.0,results/fusion_sweep_per_query/fiqa_dense_weight_fiqa_dense_bge_512_rrf60_bw1.0_dw10.0_bd1000_dd1000.per_query.csv,0.387346,0.193226,0.387346,0.387346,0.383139,0.412822,0.472788,0.316435,0.408162,0.492266,0.483153,0.325025,0.47538,0.741333,0.490477,0.343446
2026-09-06T20:43:07+00:00,fiqa_dense_weight_fiqa_dense_bge_512_rrf60_bw1.0_dw20.0_bd1000_dd1000,fiqa,dense_weight,20260831T034646Z_fiqa-bm25-stem-512,20260831T041638Z_fiqa-dense-bge-512,BAAI/bge-base-en-v1.5,60,1.0,20.0,1000,1000,995.7083333333334,1000.0,1000.0,results/fusion_sweep_per_query/fiqa_dense_weight_fiqa_dense_bge_512_rrf60_bw1.0_dw20.0_bd1000_dd1000.per_query.csv,0.390432,0.196312,0.390432,0.390432,0.386199,0.412256,0.477392,0.320118,0.407809,0.483117,0.486337,0.3275,0.477795,0.742338,0.494334,0.346528
2026-09-06T20:43:08+00:00,fiqa_dense_weight_fiqa_dense_bge_512_rrf60_bw1.0_dw50.0_bd1000_dd1000,fiqa,dense_weight,20260831T034646Z_fiqa-bm25-stem-512,20260831T041638Z_fiqa-dense-bge-512,BAAI/bge-base-en-v1.5,60,1.0,50.0,1000,1000,995.7083333333334,1000.0,1000.0,results/fusion_sweep_per_query/fiqa_dense_weight_fiqa_dense_bge_512_rrf60_bw1.0_dw50.0_bd1000_dd1000.per_query.csv,0.399691,0.202013,0.399691,0.399691,0.383829,0.402854,0.476466,0.321321,0.408568,0.481763,0.488635,0.329385,0.478528,0.74178,0.496462,0.348242
2026-09-06T20:43:09+00:00,fiqa_dense_weight_fiqa_dense_bge_512_rrf60_bw1.0_dw100.0_bd1000_dd1000,fiqa,dense_weight,20260831T034646Z_fiqa-bm25-stem-512,20260831T041638Z_fiqa-dense-bge-512,BAAI/bge-base-en-v1.5,60,1.0,100.0,1000,1000,995.7083333333334,1000.0,1000.0,results/fusion_sweep_per_query/fiqa_dense_weight_fiqa_dense_bge_512_rrf60_bw1.0_dw100.0_bd1000_dd1000.per_query.csv,0.395062,0.198155,0.395062,0.395062,0.381843,0.402854,0.473148,0.318891,0.406231,0.481352,0.485444,0.326563,0.476339,0.74178,0.493117,0.345568
2026-09-06T20:43:10+00:00,nfcorpus_asymmetric_depth_nfcorpus_dense_bge_512_rrf60_bw1.0_dw1.0_bd100_dd100,nfcorpus,asymmetric_depth,20260831T034614Z_nfcorpus-bm25-stem-512,20260831T035342Z_nfcorpus-dense-bge-512,BAAI/bge-base-en-v1.5,60,1.0,1.0,100,100,70.73051948051948,100.0,144.07430340557275,results/fusion_sweep_per_query/nfcorpus_asymmetric_depth_nfcorpus_dense_bge_512_rrf60_bw1.0_dw1.0_bd100_dd100.per_query.csv,0.478328,0.06693,0.495356,0.495356,0.405563,0.143653,0.572859,0.341213,0.373962,0.178839,0.580456,0.281752,0.343767,0.336173,0.585847,0.196226
2026-09-06T20:43:10+00:00,nfcorpus_asymmetric_depth_nfcorpus_dense_bge_512_rrf60_bw1.0_dw1.0_bd100_dd1000,nfcorpus,asymmetric_depth,20260831T034614Z_nfcorpus-bm25-stem-512,20260831T035342Z_nfcorpus-dense-bge-512,BAAI/bge-base-en-v1.5,60,1.0,1.0,100,1000,70.73051948051948,1000.0,1000.0,results/fusion_sweep_per_query/nfcorpus_asymmetric_depth_nfcorpus_dense_bge_512_rrf60_bw1.0_dw1.0_bd100_dd1000.per_query.csv,0.478328,0.06693,0.495356,0.495356,0.406842,0.144195,0.574819,0.341969,0.374562,0.178338,0.581419,0.282528,0.342247,0.330276,0.587011,0.195792
2026-09-06T20:43:10+00:00,nfcorpus_asymmetric_depth_nfcorpus_dense_bge_512_rrf60_bw1.0_dw1.0_bd1000_dd100,nfcorpus,asymmetric_depth,20260831T034614Z_nfcorpus-bm25-stem-512,20260831T035342Z_nfcorpus-dense-bge-512,BAAI/bge-base-en-v1.5,60,1.0,1.0,1000,100,384.89935064935065,100.0,420.63157894736844,results/fusion_sweep_per_query/nfcorpus_asymmetric_depth_nfcorpus_dense_bge_512_rrf60_bw1.0_dw1.0_bd1000_dd100.per_query.csv,0.478328,0.06693,0.495356,0.495356,0.405563,0.143653,0.572859,0.341213,0.374161,0.178608,0.579768,0.281986,0.345159,0.339525,0.585622,0.196875
2026-09-06T20:43:10+00:00,nfcorpus_asymmetric_depth_nfcorpus_dense_bge_512_rrf60_bw1.0_dw1.0_bd1000_dd1000,nfcorpus,asymmetric_depth,20260831T034614Z_nfcorpus-bm25-stem-512,20260831T035342Z_nfcorpus-dense-bge-512,BAAI/bge-base-en-v1.5,60,1.0,1.0,1000,1000,384.89935064935065,1000.0,1000.0,results/fusion_sweep_per_query/nfcorpus_asymmetric_depth_nfcorpus_dense_bge_512_rrf60_bw1.0_dw1.0_bd1000_dd1000.per_query.csv,0.478328,0.06693,0.495356,0.495356,0.406842,0.144195,0.574819,0.341969,0.375198,0.178527,0.581419,0.282762,0.345161,0.338483,0.587014,0.196952
