timestamp_utc,run_id,run_name,config_path,dataset,split,retriever_type,base_retriever_type,dense_model,reranker_model,index_backend,top_k,bm25_top_k,dense_top_k,rrf_k,bm25_weight,dense_weight,rerank_top_k,bm25_analyzer,bm25_k1,bm25_b,bm25_epsilon,max_seq_length,normalize_embeddings,device,python_version,torch_num_threads,torch_num_interop_threads,omp_num_threads,mkl_num_threads,realized_depth_mean,realized_depth_p50,realized_depth_p95,bm25_realized_depth_mean,dense_realized_depth_mean,num_corpus_docs,num_queries,load_seconds,model_load_seconds,index_seconds,search_seconds,throughput_ms_per_query,query_latency_p50_ms,query_latency_p95_ms,total_seconds,run_artifact_path,per_query_metrics_path,metadata_path,ndcg@1,recall@1,mrr@1,map@1,ndcg@5,recall@5,mrr@5,map@5,ndcg@10,recall@10,mrr@10,map@10,ndcg@100,recall@100,mrr@100,map@100
2026-08-31T03:46:14+00:00,20260831T034613Z_scifact-bm25-stem-512,scifact_bm25_stem_512,<generated:scifact_bm25_stem_512>,scifact,test,bm25,bm25,,,,1000,,,,,,,word-lower-stop-porter-v1,1.2,0.9,0.25,512,,cpu,3.13.9,6,12,,,954.383,1000.0,1000.0,,,5183,300,0.033,0.0,0.048,1.394,4.646,4.294,7.952,1.671,results/track_a_artifacts/20260831T034613Z_scifact-bm25-stem-512.run.jsonl,results/track_a_artifacts/20260831T034613Z_scifact-bm25-stem-512.per_query.csv,results/track_a_artifacts/20260831T034613Z_scifact-bm25-stem-512.metadata.json,0.543333,0.5275,0.543333,0.5275,0.660743,0.756778,0.636667,0.622852,0.684168,0.8245,0.644799,0.633899,0.707653,0.926,0.648697,0.639692
2026-08-31T03:46:14+00:00,20260831T034614Z_nfcorpus-bm25-stem-512,nfcorpus_bm25_stem_512,<generated:nfcorpus_bm25_stem_512>,nfcorpus,test,bm25,bm25,,,,1000,,,,,,,word-lower-stop-porter-v1,1.2,0.9,0.25,512,,cpu,3.13.9,6,12,,,367.025,198.0,1000.0,,,3633,323,0.022,0.0,0.031,0.328,1.015,0.889,1.964,0.493,results/track_a_artifacts/20260831T034614Z_nfcorpus-bm25-stem-512.run.jsonl,results/track_a_artifacts/20260831T034614Z_nfcorpus-bm25-stem-512.per_query.csv,results/track_a_artifacts/20260831T034614Z_nfcorpus-bm25-stem-512.metadata.json,0.439628,0.056842,0.452012,0.056842,0.359076,0.119795,0.528896,0.104635,0.326917,0.150987,0.533628,0.121238,0.27554,0.247197,0.5375,0.145094
2026-08-31T03:46:47+00:00,20260831T034646Z_fiqa-bm25-stem-512,fiqa_bm25_stem_512,<generated:fiqa_bm25_stem_512>,fiqa,test,bm25,bm25,,,,1000,,,,,,,word-lower-stop-porter-v1,1.2,0.9,0.25,512,,cpu,3.13.9,6,12,,,995.708,1000.0,1000.0,,,57638,648,0.144,0.0,0.248,30.897,47.681,46.457,79.84,31.799,results/track_a_artifacts/20260831T034646Z_fiqa-bm25-stem-512.run.jsonl,results/track_a_artifacts/20260831T034646Z_fiqa-bm25-stem-512.per_query.csv,results/track_a_artifacts/20260831T034646Z_fiqa-bm25-stem-512.metadata.json,0.223765,0.11422,0.223765,0.11422,0.222583,0.240217,0.28642,0.176007,0.243986,0.301821,0.297385,0.187764,0.30826,0.545567,0.308321,0.202442
2026-08-31T03:47:21+00:00,20260831T034720Z_scifact-dense-minilm-512,scifact_dense_minilm_512,<generated:scifact_dense_minilm_512>,scifact,test,dense,dense,sentence-transformers/all-MiniLM-L6-v2,,numpy,1000,,,,,,,,,,,512,True,mps:0,3.13.9,6,12,,,1000.0,1000.0,1000.0,,,5183,300,0.036,0.0,21.824,2.338,7.794,5.506,22.293,24.368,results/track_a_artifacts/20260831T034720Z_scifact-dense-minilm-512.run.jsonl,results/track_a_artifacts/20260831T034720Z_scifact-dense-minilm-512.per_query.csv,results/track_a_artifacts/20260831T034720Z_scifact-dense-minilm-512.metadata.json,0.493333,0.477222,0.493333,0.477222,0.631922,0.742833,0.5995,0.589949,0.654084,0.808056,0.607063,0.600341,0.680989,0.931667,0.611336,0.606226
2026-08-31T03:47:39+00:00,20260831T034739Z_nfcorpus-dense-minilm-512,nfcorpus_dense_minilm_512,<generated:nfcorpus_dense_minilm_512>,nfcorpus,test,dense,dense,sentence-transformers/all-MiniLM-L6-v2,,numpy,1000,,,,,,,,,,,512,True,mps:0,3.13.9,6,12,,,1000.0,1000.0,1000.0,,,3633,323,0.026,0.0,15.978,1.955,6.052,5.182,8.889,18.156,results/track_a_artifacts/20260831T034739Z_nfcorpus-dense-minilm-512.run.jsonl,results/track_a_artifacts/20260831T034739Z_nfcorpus-dense-minilm-512.per_query.csv,results/track_a_artifacts/20260831T034739Z_nfcorpus-dense-minilm-512.metadata.json,0.394737,0.041824,0.411765,0.041824,0.335541,0.116283,0.491589,0.091975,0.3105,0.153196,0.500075,0.109705,0.290844,0.304994,0.507026,0.141579
2026-08-31T03:50:06+00:00,20260831T035004Z_fiqa-dense-minilm-512,fiqa_dense_minilm_512,<generated:fiqa_dense_minilm_512>,fiqa,test,dense,dense,sentence-transformers/all-MiniLM-L6-v2,,numpy,1000,,,,,,,,,,,512,True,mps:0,3.13.9,6,12,,,1000.0,1000.0,1000.0,,,57638,648,0.156,0.0,139.229,5.05,7.793,7.253,11.356,144.854,results/track_a_artifacts/20260831T035004Z_fiqa-dense-minilm-512.run.jsonl,results/track_a_artifacts/20260831T035004Z_fiqa-dense-minilm-512.per_query.csv,results/track_a_artifacts/20260831T035004Z_fiqa-dense-minilm-512.metadata.json,0.337963,0.167622,0.337963,0.167622,0.336568,0.35649,0.42644,0.268039,0.36103,0.432549,0.436858,0.284788,0.433304,0.702691,0.445833,0.303431
2026-08-31T03:52:11+00:00,20260831T035210Z_scifact-dense-bge-512,scifact_dense_bge_512,<generated:scifact_dense_bge_512>,scifact,test,dense,dense,BAAI/bge-base-en-v1.5,,numpy,1000,,,,,,,,,,,512,True,mps:0,3.13.9,6,12,,,1000.0,1000.0,1000.0,,,5183,300,0.022,0.0,118.975,5.244,17.479,8.523,65.644,124.413,results/track_a_artifacts/20260831T035210Z_scifact-dense-bge-512.run.jsonl,results/track_a_artifacts/20260831T035210Z_scifact-dense-bge-512.per_query.csv,results/track_a_artifacts/20260831T035210Z_scifact-dense-bge-512.metadata.json,0.616667,0.585944,0.616667,0.585944,0.719691,0.815389,0.695667,0.68293,0.740391,0.874222,0.703386,0.692961,0.761044,0.966667,0.707094,0.697826
2026-08-31T03:53:42+00:00,20260831T035342Z_nfcorpus-dense-bge-512,nfcorpus_dense_bge_512,<generated:nfcorpus_dense_bge_512>,nfcorpus,test,dense,dense,BAAI/bge-base-en-v1.5,,numpy,1000,,,,,,,,,,,512,True,mps:0,3.13.9,6,12,,,1000.0,1000.0,1000.0,,,3633,323,0.025,0.0,86.052,4.803,14.87,12.687,15.799,91.177,results/track_a_artifacts/20260831T035342Z_nfcorpus-dense-bge-512.run.jsonl,results/track_a_artifacts/20260831T035342Z_nfcorpus-dense-bge-512.per_query.csv,results/track_a_artifacts/20260831T035342Z_nfcorpus-dense-bge-512.metadata.json,0.459752,0.06798,0.47678,0.06798,0.402655,0.142045,0.55774,0.125322,0.374376,0.178382,0.566188,0.145659,0.34282,0.336722,0.571062,0.184484
2026-08-31T04:16:39+00:00,20260831T041638Z_fiqa-dense-bge-512,fiqa_dense_bge_512,<generated:fiqa_dense_bge_512>,fiqa,test,dense,dense,BAAI/bge-base-en-v1.5,,numpy,1000,,,,,,,,,,,512,True,mps:0,3.13.9,6,12,,,1000.0,1000.0,1000.0,,,57638,648,0.187,0.0,1365.856,9.031,13.937,10.5,20.537,1375.456,results/track_a_artifacts/20260831T041638Z_fiqa-dense-bge-512.run.jsonl,results/track_a_artifacts/20260831T041638Z_fiqa-dense-bge-512.per_query.csv,results/track_a_artifacts/20260831T041638Z_fiqa-dense-bge-512.metadata.json,0.395062,0.198155,0.395062,0.198155,0.381843,0.402854,0.473148,0.309352,0.406231,0.481352,0.485444,0.326216,0.476219,0.741472,0.493101,0.345528
2026-08-31T04:24:08+00:00,20260831T042408Z_scifact-dense-e5-512,scifact_dense_e5_512,<generated:scifact_dense_e5_512>,scifact,test,dense,dense,intfloat/e5-base-v2,,numpy,1000,,,,,,,,,,,512,True,mps:0,3.13.9,6,12,,,1000.0,1000.0,1000.0,,,5183,300,0.027,0.0,443.289,4.501,15.004,9.024,21.823,448.036,results/track_a_artifacts/20260831T042408Z_scifact-dense-e5-512.run.jsonl,results/track_a_artifacts/20260831T042408Z_scifact-dense-e5-512.per_query.csv,results/track_a_artifacts/20260831T042408Z_scifact-dense-e5-512.metadata.json,0.586667,0.559278,0.586667,0.559278,0.701028,0.794889,0.677222,0.664116,0.719429,0.8465,0.683997,0.673071,0.744614,0.962667,0.688019,0.678936
2026-08-31T04:25:44+00:00,20260831T042543Z_nfcorpus-dense-e5-512,nfcorpus_dense_e5_512,<generated:nfcorpus_dense_e5_512>,nfcorpus,test,dense,dense,intfloat/e5-base-v2,,numpy,1000,,,,,,,,,,,512,True,mps:0,3.13.9,6,12,,,1000.0,1000.0,1000.0,,,3633,323,0.038,0.0,90.204,4.434,13.729,9.462,14.821,94.887,results/track_a_artifacts/20260831T042543Z_nfcorpus-dense-e5-512.run.jsonl,results/track_a_artifacts/20260831T042543Z_nfcorpus-dense-e5-512.per_query.csv,results/track_a_artifacts/20260831T042543Z_nfcorpus-dense-e5-512.metadata.json,0.456656,0.064197,0.473684,0.064197,0.383574,0.131662,0.550826,0.112231,0.355103,0.168421,0.556767,0.131251,0.322157,0.318583,0.563298,0.165359
2026-08-31T04:37:39+00:00,20260831T043738Z_fiqa-dense-e5-512,fiqa_dense_e5_512,<generated:fiqa_dense_e5_512>,fiqa,test,dense,dense,intfloat/e5-base-v2,,numpy,1000,,,,,,,,,,,512,True,mps:0,3.13.9,6,12,,,1000.0,1000.0,1000.0,,,57638,648,0.234,0.0,704.735,8.204,12.66,11.215,16.399,713.655,results/track_a_artifacts/20260831T043738Z_fiqa-dense-e5-512.run.jsonl,results/track_a_artifacts/20260831T043738Z_fiqa-dense-e5-512.per_query.csv,results/track_a_artifacts/20260831T043738Z_fiqa-dense-e5-512.metadata.json,0.387346,0.197996,0.387346,0.197996,0.371672,0.389638,0.466847,0.300741,0.398666,0.470509,0.477682,0.31963,0.469671,0.732044,0.486217,0.338614
2026-08-31T04:38:05+00:00,20260831T043804Z_scifact-hybrid-stem-minilm-512,scifact_hybrid_stem_minilm_512,<generated:scifact_hybrid_stem_minilm_512>,scifact,test,hybrid,hybrid,sentence-transformers/all-MiniLM-L6-v2,,numpy,1000,1000,1000,60,1.0,1.0,,word-lower-stop-porter-v1,1.2,0.9,0.25,512,True,mps:0,3.13.9,6,12,,,1000.0,1000.0,1000.0,954.383,1000.0,5183,300,0.034,0.0,2.326,3.912,13.042,10.447,25.452,6.472,results/track_a_artifacts/20260831T043804Z_scifact-hybrid-stem-minilm-512.run.jsonl,results/track_a_artifacts/20260831T043804Z_scifact-hybrid-stem-minilm-512.per_query.csv,results/track_a_artifacts/20260831T043804Z_scifact-hybrid-stem-minilm-512.metadata.json,0.583333,0.5555,0.583333,0.5555,0.700295,0.800833,0.677944,0.659352,0.722586,0.863889,0.685616,0.670543,0.743626,0.955,0.689209,0.67603
2026-08-31T04:38:10+00:00,20260831T043810Z_nfcorpus-hybrid-stem-minilm-512,nfcorpus_hybrid_stem_minilm_512,<generated:nfcorpus_hybrid_stem_minilm_512>,nfcorpus,test,hybrid,hybrid,sentence-transformers/all-MiniLM-L6-v2,,numpy,1000,1000,1000,60,1.0,1.0,,word-lower-stop-porter-v1,1.2,0.9,0.25,512,True,mps:0,3.13.9,6,12,,,1000.0,1000.0,1000.0,367.025,1000.0,3633,323,0.023,0.0,2.246,2.457,7.607,6.965,10.785,4.943,results/track_a_artifacts/20260831T043810Z_nfcorpus-hybrid-stem-minilm-512.run.jsonl,results/track_a_artifacts/20260831T043810Z_nfcorpus-hybrid-stem-minilm-512.per_query.csv,results/track_a_artifacts/20260831T043810Z_nfcorpus-hybrid-stem-minilm-512.metadata.json,0.462848,0.059494,0.479876,0.059494,0.388676,0.132752,0.557534,0.114287,0.350718,0.168849,0.565786,0.132194,0.324109,0.323122,0.570231,0.168114
2026-08-31T04:38:51+00:00,20260831T043850Z_fiqa-hybrid-stem-minilm-512,fiqa_hybrid_stem_minilm_512,<generated:fiqa_hybrid_stem_minilm_512>,fiqa,test,hybrid,hybrid,sentence-transformers/all-MiniLM-L6-v2,,numpy,1000,1000,1000,60,1.0,1.0,,word-lower-stop-porter-v1,1.2,0.9,0.25,512,True,mps:0,3.13.9,6,12,,,1000.0,1000.0,1000.0,995.708,1000.0,57638,648,0.144,0.0,2.398,36.365,56.119,54.435,87.074,39.369,results/track_a_artifacts/20260831T043850Z_fiqa-hybrid-stem-minilm-512.run.jsonl,results/track_a_artifacts/20260831T043850Z_fiqa-hybrid-stem-minilm-512.per_query.csv,results/track_a_artifacts/20260831T043850Z_fiqa-hybrid-stem-minilm-512.metadata.json,0.324074,0.164116,0.324074,0.164116,0.324837,0.346855,0.410108,0.257825,0.351308,0.427475,0.420915,0.274999,0.427766,0.710504,0.431422,0.295121
2026-08-31T04:39:00+00:00,20260831T043859Z_scifact-hybrid-stem-bge-512,scifact_hybrid_stem_bge_512,<generated:scifact_hybrid_stem_bge_512>,scifact,test,hybrid,hybrid,BAAI/bge-base-en-v1.5,,numpy,1000,1000,1000,60,1.0,1.0,,word-lower-stop-porter-v1,1.2,0.9,0.25,512,True,mps:0,3.13.9,6,12,,,1000.0,1000.0,1000.0,954.383,1000.0,5183,300,0.02,0.0,3.086,4.741,15.805,13.471,31.048,8.049,results/track_a_artifacts/20260831T043859Z_scifact-hybrid-stem-bge-512.run.jsonl,results/track_a_artifacts/20260831T043859Z_scifact-hybrid-stem-bge-512.per_query.csv,results/track_a_artifacts/20260831T043859Z_scifact-hybrid-stem-bge-512.metadata.json,0.596667,0.569111,0.596667,0.569111,0.716501,0.817222,0.692056,0.676435,0.735986,0.871889,0.698238,0.686595,0.759748,0.973333,0.702707,0.692771
2026-08-31T04:39:07+00:00,20260831T043906Z_nfcorpus-hybrid-stem-bge-512,nfcorpus_hybrid_stem_bge_512,<generated:nfcorpus_hybrid_stem_bge_512>,nfcorpus,test,hybrid,hybrid,BAAI/bge-base-en-v1.5,,numpy,1000,1000,1000,60,1.0,1.0,,word-lower-stop-porter-v1,1.2,0.9,0.25,512,True,mps:0,3.13.9,6,12,,,1000.0,1000.0,1000.0,367.025,1000.0,3633,323,0.02,0.0,2.409,4.045,12.524,13.323,15.782,6.691,results/track_a_artifacts/20260831T043906Z_nfcorpus-hybrid-stem-bge-512.run.jsonl,results/track_a_artifacts/20260831T043906Z_nfcorpus-hybrid-stem-bge-512.per_query.csv,results/track_a_artifacts/20260831T043906Z_nfcorpus-hybrid-stem-bge-512.metadata.json,0.478328,0.06693,0.495356,0.06693,0.406842,0.144195,0.574819,0.126557,0.375198,0.178527,0.581419,0.146369,0.345161,0.338483,0.587014,0.185206
2026-08-31T04:39:50+00:00,20260831T043949Z_fiqa-hybrid-stem-bge-512,fiqa_hybrid_stem_bge_512,<generated:fiqa_hybrid_stem_bge_512>,fiqa,test,hybrid,hybrid,BAAI/bge-base-en-v1.5,,numpy,1000,1000,1000,60,1.0,1.0,,word-lower-stop-porter-v1,1.2,0.9,0.25,512,True,mps:0,3.13.9,6,12,,,1000.0,1000.0,1000.0,995.708,1000.0,57638,648,0.143,0.0,2.823,38.299,59.104,57.519,90.416,41.727,results/track_a_artifacts/20260831T043949Z_fiqa-hybrid-stem-bge-512.run.jsonl,results/track_a_artifacts/20260831T043949Z_fiqa-hybrid-stem-bge-512.per_query.csv,results/track_a_artifacts/20260831T043949Z_fiqa-hybrid-stem-bge-512.metadata.json,0.339506,0.171219,0.339506,0.171219,0.33542,0.360839,0.4241,0.264679,0.363923,0.447376,0.435633,0.283049,0.438085,0.721642,0.444999,0.303468
2026-08-31T04:39:58+00:00,20260831T043957Z_scifact-hybrid-stem-e5-512,scifact_hybrid_stem_e5_512,<generated:scifact_hybrid_stem_e5_512>,scifact,test,hybrid,hybrid,intfloat/e5-base-v2,,numpy,1000,1000,1000,60,1.0,1.0,,word-lower-stop-porter-v1,1.2,0.9,0.25,512,True,mps:0,3.13.9,6,12,,,1000.0,1000.0,1000.0,954.383,1000.0,5183,300,0.019,0.0,3.215,3.871,12.903,12.278,16.871,7.306,results/track_a_artifacts/20260831T043957Z_scifact-hybrid-stem-e5-512.run.jsonl,results/track_a_artifacts/20260831T043957Z_scifact-hybrid-stem-e5-512.per_query.csv,results/track_a_artifacts/20260831T043957Z_scifact-hybrid-stem-e5-512.metadata.json,0.633333,0.599944,0.633333,0.599944,0.718802,0.799167,0.704167,0.684965,0.745903,0.876222,0.714242,0.698128,0.766083,0.963333,0.717571,0.703371
2026-08-31T04:40:05+00:00,20260831T044004Z_nfcorpus-hybrid-stem-e5-512,nfcorpus_hybrid_stem_e5_512,<generated:nfcorpus_hybrid_stem_e5_512>,nfcorpus,test,hybrid,hybrid,intfloat/e5-base-v2,,numpy,1000,1000,1000,60,1.0,1.0,,word-lower-stop-porter-v1,1.2,0.9,0.25,512,True,mps:0,3.13.9,6,12,,,1000.0,1000.0,1000.0,367.025,1000.0,3633,323,0.021,0.0,2.585,3.569,11.051,9.983,16.008,6.392,results/track_a_artifacts/20260831T044004Z_nfcorpus-hybrid-stem-e5-512.run.jsonl,results/track_a_artifacts/20260831T044004Z_nfcorpus-hybrid-stem-e5-512.per_query.csv,results/track_a_artifacts/20260831T044004Z_nfcorpus-hybrid-stem-e5-512.metadata.json,0.495356,0.066774,0.510836,0.066774,0.405495,0.140946,0.577348,0.123186,0.370993,0.176021,0.585992,0.142094,0.335986,0.328549,0.591594,0.17685
2026-08-31T04:40:49+00:00,20260831T044048Z_fiqa-hybrid-stem-e5-512,fiqa_hybrid_stem_e5_512,<generated:fiqa_hybrid_stem_e5_512>,fiqa,test,hybrid,hybrid,intfloat/e5-base-v2,,numpy,1000,1000,1000,60,1.0,1.0,,word-lower-stop-porter-v1,1.2,0.9,0.25,512,True,mps:0,3.13.9,6,12,,,1000.0,1000.0,1000.0,995.708,1000.0,57638,648,0.141,0.0,3.516,38.955,60.115,57.671,90.003,43.076,results/track_a_artifacts/20260831T044048Z_fiqa-hybrid-stem-e5-512.run.jsonl,results/track_a_artifacts/20260831T044048Z_fiqa-hybrid-stem-e5-512.per_query.csv,results/track_a_artifacts/20260831T044048Z_fiqa-hybrid-stem-e5-512.metadata.json,0.350309,0.176577,0.350309,0.176577,0.345643,0.369637,0.43552,0.273027,0.376211,0.462534,0.448301,0.293066,0.449381,0.733324,0.45651,0.312963
